{"RMSE_unnorm": 4.444147306086873, "MSE_loss": 0.059818897396326065, "MSE_pathloss_model": 0.3242979049682617, "RMSE_pathloss": 10.347640104348862, "RMSE_811": 4.692867959193932, "RMSE_2630": 4.180043558454757, "RMSE_pathloss_811": 7.871738568160066, "RMSE_pathloss_2630": 12.340365080989168}