{"RMSE_unnorm": 5.26001303299196, "MSE_loss": 0.08379828929901123, "MSE_pathloss_model": 0.3242979049682617, "RMSE_pathloss": 10.347640104348862, "RMSE_811": 5.330793258383883, "RMSE_2630": 5.188104655471588, "RMSE_pathloss_811": 7.871738568160066, "RMSE_pathloss_2630": 12.340365080989168}