{"RMSE_unnorm": 4.434667980622106, "MSE_loss": 0.05956398323178291, "MSE_pathloss_model": 0.3242979049682617, "RMSE_pathloss": 10.347640104348862, "RMSE_811": 4.715322512766909, "RMSE_2630": 4.13430909026842, "RMSE_pathloss_811": 7.871738568160066, "RMSE_pathloss_2630": 12.340365080989168}