{"RMSE_unnorm": 4.434666871198138, "MSE_loss": 0.059563953429460526, "MSE_pathloss_model": 0.3242979347705841, "RMSE_pathloss": 10.347640579812463, "RMSE_811": 4.715321469375526, "RMSE_2630": 4.134308048997438, "RMSE_pathloss_811": 7.871738568160066, "RMSE_pathloss_2630": 12.340364682303523}