{"RMSE_unnorm": 4.287225486552239, "MSE_loss": 0.05566909536719322, "MSE_pathloss_model": 0.16523012518882751, "RMSE_pathloss": 7.386077491668871, "RMSE_811": 4.376210172068372, "RMSE_2630": 4.196147491563679, "RMSE_pathloss_811": 5.416671035291781, "RMSE_pathloss_2630": 8.934468498534587}